Customer ID,Gender,Age,Order Count,Avg Order Value (Rp),Favorite Food,Favorite Drink,Visit Frequency (per month),Stay Duration (minutes),Payment Method,Customer Rating,Work Type,Referral Count,Time of Visit,Preferred Ordering Method,Holiday Visits,Repeat Order Due to Stay Duration
0,0,28,17,115237,9,3,14,61,0,4.4,1,8,1,3,1,False
1,0,53,17,51237,5,5,30,21,0,4.1,4,10,2,1,4,False
2,1,26,33,75387,9,0,4,27,1,4.7,5,16,3,1,4,False
3,1,49,13,142370,5,4,22,54,1,1.0,4,14,1,1,4,False
4,0,54,21,87957,5,8,8,20,1,2.9,5,7,3,3,4,True
5,1,36,19,90185,4,8,11,33,0,3.4,1,4,3,2,4,True
6,1,30,29,93950,8,3,18,97,3,1.8,5,5,2,3,4,True
7,0,58,27,23089,8,8,28,76,1,1.5,3,9,1,1,4,True
8,1,38,41,39016,4,6,18,101,4,4.1,1,5,1,2,4,True
9,1,51,14,37686,2,6,5,110,1,3.0,1,16,3,3,4,True
10,1,30,27,33593,8,9,19,43,0,4.1,3,4,0,1,4,True
11,0,20,23,67253,9,2,6,57,1,2.2,4,3,1,2,4,False
12,0,56,5,112959,8,6,5,99,1,4.4,3,5,2,2,4,False
13,0,55,46,117634,0,3,10,39,1,2.7,5,19,1,3,4,False
14,0,44,47,83289,2,1,24,38,0,2.1,6,9,0,2,4,True
15,1,53,49,128649,6,8,29,13,0,3.3,1,3,0,2,4,False
16,1,35,12,96959,5,3,12,17,4,3.0,1,11,2,3,4,True
17,1,25,30,60865,0,6,21,89,1,3.7,6,3,1,2,4,True
18,1,53,34,37553,2,0,23,110,1,1.4,5,19,2,2,4,True
19,0,36,37,140255,0,5,12,25,4,4.6,3,6,3,3,4,False
20,0,28,14,85913,6,5,9,45,1,2.1,6,9,3,1,4,False
21,0,31,18,99759,6,6,21,18,0,4.5,1,12,2,2,4,False
22,1,56,12,117287,0,6,2,80,0,4.7,1,19,0,3,4,True
23,0,55,2,79528,6,5,1,26,4,1.7,1,4,3,2,4,False
24,1,53,23,84831,8,0,11,83,4,1.2,5,20,0,3,4,False
25,0,40,1,139153,6,6,16,12,1,2.9,1,6,2,1,4,False
26,1,58,50,75142,9,5,10,11,3,4.9,1,10,0,2,4,True
27,1,40,21,37063,2,1,26,26,4,1.7,4,18,0,3,4,False
28,0,18,37,110438,2,4,23,79,3,4.3,5,5,2,2,4,True
29,0,42,27,99634,5,9,28,24,3,5.0,3,2,1,1,4,True
30,1,47,6,94657,7,0,11,83,1,2.6,5,4,3,2,4,False
31,1,41,39,144015,7,7,2,28,0,4.6,3,11,3,2,4,False
32,0,54,2,146908,8,4,11,78,3,1.7,5,4,1,3,4,False
33,1,24,33,59149,5,6,27,72,0,3.5,1,11,2,1,4,True
34,0,37,32,70609,9,1,6,116,0,3.1,4,17,3,2,4,True
35,1,28,10,84269,2,4,14,22,4,1.1,3,7,3,1,4,True
36,0,48,31,112209,0,4,12,31,3,2.1,5,8,3,2,4,True
37,1,30,43,75106,4,4,11,101,0,1.1,4,7,3,2,4,False
38,1,60,13,126942,7,0,20,115,4,3.6,1,19,3,1,4,True
39,0,49,40,124749,7,9,16,51,4,2.6,4,3,0,2,4,False
40,1,28,31,103438,7,7,11,72,1,1.4,1,11,2,1,4,False
41,1,47,23,132623,0,2,23,49,4,2.9,4,7,3,1,4,False
42,0,55,3,44156,9,3,9,113,1,1.8,1,4,3,3,4,True
43,1,58,7,34196,9,2,26,72,3,4.9,1,15,2,3,4,False
44,1,57,30,135376,8,6,19,16,1,1.4,3,4,1,1,4,False
45,1,36,26,143385,4,0,18,12,3,4.6,6,13,0,3,4,True
46,1,42,6,52978,4,2,19,116,0,5.0,1,12,2,2,4,True
47,0,38,24,38238,9,6,7,45,4,2.0,1,20,1,2,4,False
48,1,20,29,70463,2,5,3,32,4,1.9000000000000001,5,1,3,1,4,False
49,0,47,7,48906,7,2,24,92,3,1.8,4,12,0,3,4,True
50,0,56,28,136539,6,2,22,98,0,3.8,5,6,3,2,4,False
51,0,24,47,140402,7,5,12,19,0,4.8,4,3,0,3,4,True
52,1,44,48,128551,8,7,9,47,1,2.8,1,6,0,1,4,True
53,0,59,38,92461,5,1,10,33,0,5.0,3,7,1,1,4,False
54,0,43,6,145278,9,3,15,109,1,2.8,4,10,2,2,4,False
55,0,53,48,145186,6,6,19,62,3,3.4,1,4,2,2,4,False
56,0,25,26,43556,4,7,28,48,4,3.2,6,18,0,3,4,True
57,1,36,19,113990,4,9,21,114,0,3.5,1,9,2,2,4,False
58,1,43,32,38109,6,8,28,93,4,1.2,3,2,0,2,4,False
59,0,48,3,40694,5,9,1,25,1,4.8,6,0,1,3,4,False
60,0,32,43,21146,8,8,9,74,3,2.7,6,13,1,1,4,True
61,1,23,26,116839,7,9,14,41,1,4.6,4,9,0,2,4,False
62,0,31,22,90315,8,3,17,11,3,1.7,3,17,1,1,4,True
63,0,47,9,118100,7,7,30,25,3,2.6,3,20,0,2,4,True
64,1,35,44,94286,4,3,15,68,4,3.2,3,1,1,1,4,False
65,0,25,19,39231,7,9,7,69,0,4.6,5,12,1,2,4,True
66,1,48,31,119669,7,2,6,52,1,1.7,1,19,3,2,4,True
67,1,40,33,48167,8,2,25,53,1,3.4,5,4,0,2,4,True
68,1,35,5,113401,4,1,23,115,1,1.6,4,13,3,2,4,False
69,0,37,8,119713,5,4,12,105,0,4.4,6,13,3,1,4,True
70,0,19,36,133220,7,2,20,62,0,4.7,5,14,3,3,4,False
71,1,22,40,38010,8,4,28,45,1,1.8,6,2,2,2,4,False
72,0,46,18,92898,8,0,12,51,0,4.9,5,4,0,1,4,True
73,0,42,12,84005,6,7,5,108,4,2.8,6,4,1,1,4,True
74,1,59,49,34803,5,9,15,90,3,3.1,5,10,2,3,4,True
75,1,29,23,22170,6,1,25,32,3,4.7,4,15,1,1,4,True
76,0,36,12,73781,9,3,6,66,1,3.3,5,20,0,2,4,True
77,1,39,42,62313,6,9,14,70,4,4.1,1,5,0,2,4,True
78,0,37,39,72351,4,4,29,62,0,3.8,4,20,2,2,4,True
79,1,53,6,115826,0,3,13,46,3,3.3,4,14,3,1,4,True
80,1,26,22,109691,4,1,28,13,4,3.7,1,8,3,1,4,True
81,1,56,14,133663,7,2,14,49,0,4.1,1,4,1,3,4,True
82,0,36,48,134211,8,9,24,12,1,4.0,4,7,3,2,4,False
83,0,19,4,131277,7,9,10,89,4,3.1,3,6,1,1,4,True
84,0,38,30,43287,6,8,30,78,0,4.7,3,7,3,3,4,True
85,0,47,8,118504,4,6,14,65,0,2.7,4,17,3,2,4,False
86,0,23,35,76924,9,5,17,77,1,4.1,5,7,0,1,4,True
87,0,60,44,76459,2,2,1,87,4,2.1,5,5,3,3,4,True
88,1,31,9,87313,2,9,14,48,1,2.7,3,19,2,2,4,True
89,1,27,3,27178,4,4,1,113,3,4.7,5,10,2,3,4,True
90,1,55,15,98341,8,1,26,40,0,1.2,6,6,0,3,4,True
91,1,56,46,68964,2,4,19,116,4,4.5,3,8,1,3,4,True
92,0,50,37,146828,0,1,17,98,4,2.5,4,20,0,3,4,True
93,0,27,24,34070,5,6,27,37,1,1.2,4,18,1,2,4,True
94,1,27,25,51400,8,0,20,41,0,4.0,6,17,2,2,4,False
95,1,38,40,43624,2,1,1,61,3,3.9,5,13,2,1,4,True
96,0,34,33,99389,8,1,13,57,0,1.5,6,1,1,1,4,False
97,0,25,39,99555,5,4,20,48,1,3.0,3,14,3,1,4,False
98,0,43,28,82454,6,8,3,45,1,4.7,6,9,2,1,4,False
99,1,40,27,20350,2,7,26,71,0,4.2,5,2,3,2,4,False
100,0,23,41,141862,5,8,28,26,0,1.1,5,3,0,1,4,True
101,1,36,5,124594,9,6,27,59,4,4.3,1,8,3,1,4,True
102,0,46,44,115218,7,8,20,101,3,3.5,3,20,2,2,4,True
103,0,24,14,72632,7,9,7,97,0,2.3,1,8,3,2,4,True
104,0,39,26,140235,5,3,19,88,0,4.9,5,9,2,3,4,True
105,0,37,33,97041,5,0,2,65,0,1.4,3,0,3,2,4,False
106,1,18,26,88410,8,7,23,37,0,2.5,5,18,3,3,4,False
107,0,35,2,142507,0,2,13,84,3,1.5,6,0,0,3,4,False
108,0,50,34,104674,7,7,4,101,0,1.9000000000000001,1,5,3,1,4,True
109,0,56,24,124091,5,8,21,81,3,4.6,5,7,3,2,4,False
110,1,25,18,102652,6,3,25,119,1,4.2,6,17,1,3,4,True
111,1,42,2,126930,9,3,19,50,1,2.8,5,15,2,3,4,False
112,1,38,11,149960,6,6,29,54,0,2.6,6,3,1,2,4,True
113,1,19,12,104850,8,6,15,23,3,1.1,3,0,3,1,4,False
114,0,56,47,99815,0,9,6,70,1,4.5,5,14,2,2,4,False
115,0,47,42,49561,6,9,23,28,0,3.9,4,17,2,1,4,False
116,0,59,1,69663,6,7,8,38,3,3.3,6,6,1,1,4,False
117,0,45,32,30979,7,5,10,115,1,3.7,5,16,2,1,4,False
118,1,21,25,138577,7,0,21,41,4,3.8,4,17,3,2,4,True
119,0,32,30,143453,7,6,15,57,1,3.4,4,6,3,2,4,True
120,0,33,47,117135,4,0,2,97,4,3.6,3,17,0,1,4,True
121,0,44,30,125893,7,1,3,107,3,3.5,6,19,1,3,4,True
122,0,33,37,26268,9,8,23,103,3,2.3,6,3,0,3,4,True
123,1,32,46,103906,5,7,27,38,1,1.5,1,8,3,3,4,False
124,0,51,40,136600,9,8,17,30,3,3.5,5,8,1,2,4,False
125,0,34,28,33690,5,7,15,76,1,3.0,5,15,3,3,4,False
126,1,22,18,93660,7,5,16,110,1,3.4,3,2,2,2,4,True
127,1,21,39,67465,0,0,7,37,1,4.0,1,20,2,1,4,True
128,1,27,23,122169,4,8,3,18,1,4.1,6,0,0,1,4,True
129,1,28,3,40759,9,9,27,35,0,3.6,3,12,1,2,4,False
130,0,38,41,53445,9,3,14,31,1,1.5,5,10,0,3,4,False
131,0,28,19,37045,9,1,24,78,1,3.1,3,15,1,1,4,True
132,0,48,9,50870,2,9,8,61,1,4.3,1,12,1,2,4,True
133,0,43,7,32220,2,3,28,96,1,3.8,3,10,1,1,4,False
134,0,41,5,79793,4,5,23,11,4,2.5,5,18,3,1,4,True
135,1,33,40,149423,8,6,21,104,3,2.9,1,19,3,1,4,False
136,0,32,1,145714,4,2,25,32,4,4.3,4,8,2,1,4,False
137,0,41,11,124225,5,0,12,34,0,3.9,4,19,1,2,4,False
138,0,32,36,83822,0,7,23,52,4,2.2,3,11,2,1,4,False
139,0,29,27,86683,5,6,24,46,0,2.7,4,17,0,3,4,False
140,1,36,43,46217,7,6,3,96,1,4.8,5,20,3,2,4,True
141,0,30,12,105591,5,7,29,115,1,3.9,1,19,1,2,4,True
142,1,45,9,73302,5,3,24,94,1,3.2,1,18,1,2,4,True
143,1,56,17,37216,5,1,18,33,0,4.2,3,13,3,1,4,False
144,0,52,3,87432,0,4,18,70,0,2.9,3,4,3,3,4,False
145,0,56,48,88495,2,7,10,14,0,5.0,3,13,3,2,4,False
146,1,33,22,127920,0,9,21,45,0,2.2,6,3,2,2,4,False
147,1,31,45,106231,4,1,19,77,0,2.1,4,17,2,2,4,True
148,1,55,20,97392,7,9,25,106,1,4.1,6,17,2,2,4,True
149,1,48,16,95463,5,1,23,74,0,3.4,3,1,0,2,4,False
150,0,27,36,96797,4,2,12,110,3,3.2,5,9,2,3,4,False
151,1,39,30,141832,5,0,1,20,1,4.4,4,12,0,3,4,True
152,1,32,17,62429,4,7,8,66,0,1.6,5,11,1,3,4,False
153,1,39,3,133838,5,0,13,54,0,3.6,4,3,2,1,4,False
154,0,50,3,142390,9,6,5,99,4,3.6,3,8,2,2,4,True
155,0,56,16,43596,9,7,30,95,1,1.0,1,15,1,1,4,False
156,1,42,27,115145,7,7,8,44,1,5.0,6,19,2,3,4,True
157,1,52,19,146386,7,8,18,73,1,5.0,4,8,1,1,4,False
158,0,32,6,81409,6,2,30,22,4,4.6,5,6,1,1,4,False
159,0,26,6,49570,0,6,29,54,3,4.6,5,15,1,2,4,True
160,0,25,46,140516,7,0,5,117,3,4.3,6,1,0,2,4,True
161,1,45,20,49665,6,8,21,96,0,1.1,6,6,1,1,4,True
162,0,39,4,106893,2,0,10,93,1,2.3,4,5,0,2,4,False
163,0,32,25,66006,7,7,24,63,4,4.8,1,14,2,3,4,False
164,1,23,35,110837,8,0,4,59,1,1.8,3,7,2,2,4,True
165,0,52,12,96873,7,4,18,100,0,3.8,6,1,0,1,4,True
166,1,27,38,126869,2,3,12,11,3,3.3,3,14,1,3,4,False
167,0,52,26,68147,4,4,8,32,4,4.8,6,19,3,3,4,False
168,0,58,47,44431,9,4,9,15,3,1.8,4,6,0,2,4,True
169,0,47,48,57741,4,5,14,60,1,2.2,5,14,0,1,4,False
170,0,40,16,82714,9,1,19,28,0,2.8,3,8,3,1,4,False
171,1,42,21,104814,7,7,20,61,0,1.5,1,16,2,1,4,True
172,1,27,13,45877,6,5,27,106,0,4.1,6,0,2,3,4,False
173,0,39,9,119940,9,4,25,58,1,1.5,4,10,0,2,4,True
174,1,39,25,26340,5,6,26,20,4,2.4,6,13,1,3,4,False
175,1,25,48,104913,8,8,29,69,4,3.0,4,3,1,3,4,False
176,0,52,23,140054,4,1,3,65,0,2.0,4,10,2,2,4,False
177,1,29,33,52666,5,0,18,119,0,1.9000000000000001,6,13,2,2,4,False
178,1,41,11,36646,4,3,14,29,3,1.5,5,9,0,1,4,True
179,0,51,48,66018,8,9,26,42,0,4.3,4,4,0,2,4,False
180,0,32,35,112642,8,9,6,39,0,4.9,3,10,1,1,4,True
181,0,51,47,149348,8,5,27,116,0,3.1,6,15,1,1,4,True
182,1,60,26,74857,9,9,5,86,1,4.1,3,13,0,1,4,False
183,0,26,26,54485,5,6,23,70,0,2.9,1,12,3,2,4,False
184,1,30,14,21353,4,2,2,53,4,4.0,3,5,1,1,4,False
185,0,23,27,128584,0,0,30,21,0,1.3,1,15,1,3,4,True
186,0,38,14,38431,9,9,23,110,3,4.1,6,7,3,1,4,True
187,1,58,2,81378,6,3,12,70,0,2.7,1,5,3,3,4,True
188,1,29,4,68101,0,2,3,46,0,4.7,1,16,0,1,4,False
189,1,46,33,112001,7,4,30,64,1,2.0,4,2,0,3,4,False
190,1,43,8,118308,6,6,29,57,3,3.1,5,1,3,3,4,True
191,0,41,29,64077,9,4,5,81,3,3.0,3,14,0,2,4,False
192,1,23,44,73290,9,6,17,118,3,3.6,4,9,2,3,4,True
193,1,60,13,104033,9,0,23,56,0,4.2,5,16,3,2,4,True
194,0,44,36,58267,8,8,8,22,3,3.2,4,12,2,3,4,False
195,0,31,41,53483,6,9,5,56,0,1.2,1,9,3,3,4,True
196,0,30,42,145544,5,4,5,61,0,1.2,4,9,1,1,4,True
197,1,59,31,85069,0,4,22,26,3,3.6,1,18,1,3,4,True
198,0,27,37,105005,7,0,6,72,3,1.9000000000000001,1,8,2,1,4,True
199,0,18,37,142105,9,0,27,65,1,3.8,6,1,2,1,4,True
200,1,44,28,133688,8,9,18,83,3,3.9,3,9,1,1,4,False
201,1,48,38,135709,5,4,27,17,4,3.2,3,14,3,2,4,False
202,0,18,7,23375,5,7,28,54,1,4.4,5,15,1,3,4,False
203,1,26,41,63014,0,2,3,43,4,3.5,6,10,0,3,4,True
204,0,23,7,21547,4,4,12,74,3,2.2,5,19,1,3,4,False
205,1,18,38,110712,2,1,9,109,4,3.7,4,16,1,1,4,False
206,0,44,13,75118,7,4,22,89,1,2.8,4,9,2,3,4,True
207,1,30,8,146608,8,5,16,112,3,1.5,6,15,0,1,4,False
208,0,31,44,44229,8,8,16,71,1,4.6,3,20,0,2,4,True
209,1,35,13,65101,2,4,6,100,1,2.2,1,5,2,2,4,False
210,0,54,45,76460,5,9,16,41,3,3.9,1,9,2,3,4,True
211,0,47,22,122301,4,1,15,70,0,3.5,5,1,2,2,4,False
212,1,37,41,75477,6,5,13,49,4,2.3,1,6,0,1,4,True
213,0,18,4,20574,0,5,12,19,4,2.3,3,11,2,1,4,False
214,1,42,8,97926,9,9,24,52,3,4.8,4,12,2,3,4,False
215,1,25,27,92073,9,4,12,26,4,3.9,1,8,1,3,4,False
216,1,37,32,79369,2,0,15,76,3,1.4,6,16,2,1,4,False
217,0,47,49,93905,6,6,11,20,4,3.8,3,15,0,3,4,False
218,0,21,38,64844,5,9,10,65,3,1.1,6,1,2,3,4,True
219,1,28,39,146745,0,6,28,90,4,3.5,6,12,2,2,4,True
220,0,37,26,71517,0,2,12,97,1,2.6,3,0,1,3,4,True
221,0,58,28,72710,5,0,22,97,4,1.7,3,2,3,1,4,False
222,1,27,4,23949,7,5,15,20,1,3.0,1,9,1,3,4,False
223,1,38,12,146570,7,1,26,119,3,4.7,3,8,1,1,4,False
224,1,59,1,42821,5,1,25,119,4,1.5,6,2,3,2,4,False
225,0,27,10,123129,2,6,8,89,3,4.2,4,8,2,3,4,True
226,1,28,26,40839,6,2,21,72,0,3.9,5,9,2,3,4,True
227,1,30,35,36859,5,6,27,107,0,3.9,5,14,3,3,4,False
228,1,45,10,93840,4,2,30,112,3,4.6,6,8,2,3,4,False
229,0,31,23,38318,8,8,25,68,1,3.8,1,17,2,3,4,False
230,1,46,26,115565,5,5,2,103,3,1.4,4,6,3,2,4,True
231,0,39,45,107931,9,5,16,88,1,4.3,3,11,1,3,4,False
232,0,29,33,75737,9,5,16,86,1,3.1,1,19,0,3,4,False
233,1,55,11,57060,0,1,24,103,3,1.7,1,17,1,3,4,False
234,1,37,3,114830,2,6,22,86,1,3.6,1,17,2,1,4,False
235,1,50,33,135277,0,9,30,85,0,1.3,4,14,0,1,4,True
236,0,23,5,40533,9,3,3,19,4,1.3,5,9,2,2,4,False
237,1,54,47,74469,4,6,28,107,0,2.3,4,20,2,1,4,False
238,1,18,43,63164,7,2,7,110,0,3.7,1,13,0,1,4,False
239,1,38,31,144011,2,6,27,107,4,2.3,6,0,0,2,4,False
240,0,58,21,85222,9,2,15,38,0,1.9000000000000001,4,11,2,3,4,False
241,0,32,33,102746,7,4,6,78,1,3.8,5,12,2,3,4,True
242,0,50,46,101589,7,4,22,24,1,1.2,4,1,3,3,4,True
243,1,22,35,50495,9,1,6,58,3,2.4,3,0,3,2,4,True
244,0,47,41,67757,2,2,10,96,1,4.3,5,4,3,3,4,False
245,0,30,30,43708,2,7,1,101,3,3.4,4,17,1,3,4,True
246,0,43,42,28805,4,1,28,89,4,3.2,4,2,0,2,4,False
247,0,20,47,53562,4,5,24,53,1,2.4,3,13,2,3,4,False
248,0,21,8,44823,6,3,23,117,0,4.0,5,17,2,2,4,True
249,0,38,17,24678,6,2,8,44,3,4.5,6,1,0,2,4,True
250,0,19,41,141802,4,8,19,70,3,3.5,4,6,2,2,4,True
251,1,31,46,138234,7,7,1,58,4,4.1,5,7,0,1,4,True
252,0,60,13,98226,4,8,7,20,3,4.2,4,10,0,1,4,True
253,0,44,49,55698,4,5,27,69,4,3.4,4,16,2,3,4,False
254,0,51,15,124375,9,7,9,49,0,2.9,6,5,3,3,4,True
255,0,24,32,25988,4,7,4,67,1,3.5,6,12,2,2,4,True
256,0,31,25,115325,6,2,4,43,3,2.1,1,7,3,3,4,True
257,1,38,44,114286,5,3,11,107,3,1.5,3,4,3,2,4,True
258,1,18,24,53359,0,7,30,10,3,2.2,3,18,2,1,4,False
259,1,58,21,118054,8,1,27,80,4,3.6,6,20,0,2,4,False
260,1,43,26,54898,4,0,13,84,4,3.8,4,16,0,3,4,False
261,0,37,3,64715,7,6,18,93,3,3.0,5,1,1,3,4,False
262,0,57,23,89673,2,8,16,66,1,1.4,1,14,2,3,4,False
263,1,35,27,121351,2,7,27,18,3,4.6,5,10,0,1,4,True
264,0,26,3,99249,8,4,21,25,0,2.8,1,0,3,1,4,True
265,0,22,20,48117,4,1,7,107,0,3.5,4,11,2,2,4,True
266,0,59,24,51641,6,0,18,81,1,3.5,1,11,3,3,4,False
267,1,19,47,25309,4,9,25,103,4,2.1,6,16,0,2,4,True
268,0,54,36,40485,0,1,17,59,4,1.8,3,1,3,1,4,False
269,0,37,25,106735,9,3,8,17,1,3.8,3,8,0,1,4,False
270,0,18,8,138580,8,0,10,24,1,3.4,1,11,1,1,4,False
271,1,39,5,32787,5,2,4,43,0,3.5,1,17,2,3,4,False
272,0,27,20,56531,7,1,25,70,4,2.0,5,10,3,3,4,True
273,0,43,47,84707,9,9,30,24,1,4.9,4,3,0,2,4,False
274,1,48,6,84729,9,8,10,97,3,3.1,1,12,2,1,4,False
275,1,24,23,49567,2,7,28,60,4,3.3,1,13,2,2,4,True
276,1,29,9,90914,2,0,14,38,3,3.8,3,1,3,3,4,False
277,0,51,2,144858,2,5,8,115,0,3.1,5,13,0,3,4,True
278,0,46,7,111092,8,7,29,13,1,1.3,4,4,0,2,4,False
279,0,45,49,30275,6,4,16,107,1,4.3,1,0,2,1,4,True
280,1,19,24,136456,8,0,22,84,3,3.1,4,4,0,2,4,True
281,1,54,32,50672,9,1,7,119,3,4.6,3,10,1,1,4,True
282,1,56,41,93446,9,6,16,107,3,2.5,3,12,2,1,4,False
283,1,43,34,107512,6,6,28,120,3,1.3,5,1,2,2,4,False
284,1,36,48,135009,6,3,5,23,4,4.2,4,5,2,2,4,True
285,0,30,49,36209,2,3,19,51,1,3.0,5,13,2,2,4,True
286,1,54,33,93278,6,1,16,38,4,1.7,5,17,3,1,4,False
287,1,18,22,46849,8,5,13,54,1,1.6,3,7,2,1,4,True
288,0,34,28,38094,9,4,22,41,4,1.6,5,12,3,1,4,False
289,0,39,20,51928,4,5,7,97,0,4.7,4,13,3,1,4,True
290,1,28,37,51894,2,9,20,79,3,1.5,4,3,1,3,4,True
291,0,19,6,112149,9,2,30,23,1,3.6,6,7,0,2,4,True
292,1,27,28,89965,2,2,25,12,3,3.9,1,2,3,1,4,False
293,1,20,8,125532,8,3,18,51,3,3.5,4,12,2,2,4,False
294,1,51,15,149178,4,1,3,115,1,4.2,6,9,0,3,4,False
295,0,44,25,53451,6,6,14,97,1,3.1,4,7,3,2,4,False
296,0,51,9,30975,9,9,23,85,0,3.7,4,11,1,3,4,False
297,1,54,25,62443,4,5,30,26,0,1.3,4,10,1,1,4,False
298,1,40,37,137465,2,7,12,68,3,2.4,5,19,1,1,4,True
299,0,39,33,66428,4,3,18,115,1,2.9,6,13,2,3,4,False
300,1,48,12,92977,2,4,23,47,1,2.2,4,10,1,1,4,False
301,1,19,21,31071,2,4,10,41,1,1.0,6,4,0,1,4,False
302,0,30,44,133841,6,7,26,30,1,4.4,4,1,1,3,4,False
303,1,57,7,27000,4,2,2,113,1,1.7,6,8,1,2,4,False
304,1,49,35,67937,8,1,21,59,1,2.1,3,20,0,3,4,False
305,0,59,48,107390,2,8,22,19,1,1.8,5,4,0,1,4,True
306,0,33,4,45157,6,2,2,75,0,2.0,1,5,0,2,4,True
307,1,26,13,115230,0,2,11,26,1,3.6,4,5,0,1,4,False
308,0,41,36,90900,7,3,1,56,1,2.6,5,16,3,1,4,True
309,1,27,31,140208,5,5,4,27,3,3.7,4,16,1,1,4,True
310,1,28,36,116867,8,4,27,45,1,1.7,1,7,3,2,4,True
311,0,53,45,123287,0,5,29,52,3,2.1,3,18,3,3,4,True
312,1,54,36,62382,2,5,4,109,4,2.4,6,14,2,3,4,True
313,0,38,33,64805,0,0,29,80,0,4.7,1,0,1,2,4,False
314,0,18,26,100533,9,9,3,17,3,3.6,1,13,3,3,4,False
315,0,58,27,73235,6,9,2,72,3,2.9,6,11,0,3,4,True
316,1,34,21,147662,9,6,19,79,0,4.1,3,8,3,3,4,False
317,0,60,9,24424,0,6,7,101,0,2.7,1,20,0,3,4,False
318,1,44,1,127803,0,5,25,67,3,4.7,4,14,0,3,4,False
319,0,27,36,129266,5,7,21,18,3,1.8,1,1,1,2,4,False
320,1,27,45,112539,7,7,11,116,1,1.5,4,19,0,1,4,False
321,1,20,48,44410,6,6,20,110,0,5.0,4,1,3,2,4,True
322,0,50,45,60595,7,8,9,114,3,4.3,4,3,2,3,4,True
323,1,49,11,67374,6,3,16,91,0,3.4,6,4,0,2,4,False
324,1,53,9,68331,6,8,21,57,3,2.1,5,6,2,3,4,True
325,0,44,4,53092,6,7,6,103,0,3.7,5,11,1,3,4,True
326,0,46,20,124356,6,0,18,50,3,4.1,5,5,0,3,4,True
327,1,31,27,59438,2,7,10,65,3,4.5,6,1,1,1,4,True
328,1,46,12,36935,4,6,5,86,4,3.6,3,9,2,3,4,False
329,1,56,42,64582,2,5,3,111,1,2.5,4,9,2,1,4,True
330,1,58,48,143988,9,1,20,55,0,3.1,4,0,1,3,4,False
331,0,58,47,128015,7,9,5,62,0,2.3,6,18,3,2,4,False
332,0,32,23,56415,4,1,24,15,3,2.5,5,2,0,2,4,True
333,0,26,43,54582,4,0,13,76,1,4.6,6,15,0,3,4,False
334,1,19,48,101414,7,2,21,85,0,1.6,1,15,2,2,4,False
335,0,58,5,52394,4,8,22,118,4,4.7,3,7,0,2,4,True
336,1,49,32,38188,7,2,23,112,3,2.5,6,5,1,2,4,True
337,1,59,49,134140,5,5,25,80,0,4.0,3,17,1,2,4,False
338,0,57,3,116152,5,8,17,84,4,3.8,1,14,1,2,4,False
339,1,25,16,131044,2,8,26,16,0,2.9,6,20,3,2,4,True
340,1,43,5,29780,9,6,17,109,4,2.1,5,1,3,1,4,False
341,0,23,36,126975,8,5,21,72,3,3.8,4,9,3,3,4,False
342,1,36,22,20510,8,4,30,73,4,4.3,3,12,3,3,4,True
343,1,48,6,146695,2,1,16,90,0,3.1,3,14,2,3,4,True
344,1,51,35,25514,7,9,7,69,0,4.8,1,4,0,1,4,True
345,1,39,39,51816,2,0,28,103,1,1.6,5,3,1,3,4,True
346,0,60,38,27841,7,9,1,91,4,3.3,6,12,1,1,4,True
347,1,33,32,89396,6,6,27,62,1,2.8,6,7,2,3,4,True
348,0,23,8,87524,2,4,10,20,3,3.9,4,17,0,2,4,False
349,1,51,29,122820,2,9,8,71,1,2.3,3,19,0,2,4,False
350,1,51,41,96966,4,6,15,18,1,3.1,5,7,1,1,4,False
351,1,26,16,87367,7,4,20,104,1,2.6,3,14,2,1,4,False
352,0,37,31,25080,0,7,7,87,3,3.8,1,15,1,3,4,False
353,1,55,8,36725,4,2,28,86,4,3.4,5,3,3,3,4,False
354,1,49,49,100455,7,3,12,81,3,2.0,6,20,1,2,4,True
355,0,32,23,52172,7,0,5,50,3,2.8,1,18,0,3,4,False
356,0,48,16,144954,4,2,25,81,4,1.2,1,9,2,2,4,False
357,0,27,44,83276,6,6,1,37,0,1.5,6,17,2,3,4,True
358,0,46,13,144011,0,1,6,12,3,2.0,5,10,2,2,4,True
359,0,41,21,95092,9,6,23,108,3,1.3,6,5,1,2,4,False
360,0,31,24,27305,0,5,16,57,4,1.8,3,18,0,2,4,False
361,0,26,44,45162,6,6,20,64,4,4.4,1,1,2,2,4,True
362,1,40,39,99622,0,6,30,12,1,4.2,4,3,1,3,4,False
363,1,25,20,131830,6,4,16,73,3,2.1,3,18,2,1,4,False
364,1,21,5,149988,9,0,12,17,3,1.8,6,3,3,2,4,False
365,1,45,11,126389,2,6,2,60,0,4.5,3,4,2,2,4,False
366,0,19,24,50075,9,0,23,55,4,4.7,6,0,2,1,4,False
367,1,41,2,69598,9,7,4,92,0,3.2,3,1,3,1,4,False
368,0,20,44,65857,0,3,26,16,0,3.6,6,15,0,1,4,False
369,1,28,18,25734,6,4,7,31,3,1.1,5,9,1,3,4,False
370,1,53,39,51518,0,9,23,12,3,1.4,6,3,2,1,4,False
371,1,58,47,140653,5,2,22,49,1,3.1,4,6,1,1,4,False
372,1,27,50,50206,6,2,23,70,0,2.2,1,1,2,3,4,True
373,1,23,43,107813,5,9,1,77,3,2.5,5,20,1,3,4,True
374,0,51,45,142653,5,5,15,79,4,1.9000000000000001,1,2,0,2,4,False
375,0,34,16,104127,5,3,26,32,1,2.6,3,15,2,2,4,False
376,1,52,7,36191,7,6,5,77,0,3.4,1,18,3,3,4,True
377,1,51,34,123269,8,8,22,95,3,3.5,1,18,3,2,4,True
378,0,23,38,147801,7,8,27,71,4,3.0,3,1,1,3,4,False
379,1,53,19,61561,8,9,9,16,4,4.0,6,0,2,1,4,True
380,1,18,19,97907,7,4,9,84,4,3.9,1,12,3,2,4,False
381,1,30,49,132288,0,0,3,17,4,3.5,5,6,2,1,4,True
382,0,29,38,39280,9,3,15,42,0,1.7,4,2,0,3,4,True
383,1,45,2,110292,9,6,14,50,3,3.3,1,5,2,2,4,False
384,0,49,11,31583,8,6,30,37,3,4.3,5,5,3,1,4,True
385,0,42,8,131527,5,6,11,10,0,1.5,1,17,3,2,4,False
386,0,19,30,25118,8,2,14,28,0,1.6,5,15,3,3,4,True
387,1,19,30,65239,8,8,6,61,4,1.2,6,14,3,1,4,False
388,1,48,37,102455,6,1,16,60,0,4.5,3,17,3,2,4,False
389,0,55,38,113683,7,2,9,61,3,1.2,1,3,1,2,4,False
390,1,49,31,104477,0,7,10,95,0,4.4,3,10,0,3,4,False
391,0,55,50,92428,4,0,29,105,4,4.7,6,18,0,1,4,True
392,1,21,46,107823,8,6,16,111,3,4.4,4,7,1,3,4,False
393,1,31,3,75173,0,8,25,12,4,4.7,1,6,0,3,4,False
394,1,28,24,86229,4,8,27,48,3,4.0,1,14,1,3,4,False
395,1,22,6,76709,0,9,16,63,0,3.9,4,14,0,1,4,True
396,0,50,41,68649,8,9,5,33,3,3.4,5,2,2,2,4,True
397,0,59,8,25503,8,6,12,105,3,4.6,1,12,0,3,4,False
398,0,19,16,118947,7,6,13,84,1,4.6,3,16,1,1,4,True
399,1,54,18,110827,6,7,5,74,1,2.6,6,3,1,2,4,False
400,0,54,14,23301,6,6,17,101,0,3.3,3,12,3,1,4,True
401,0,59,22,24139,8,6,3,23,3,2.3,4,17,2,2,4,False
402,1,29,47,96159,4,4,21,116,3,1.6,6,3,3,1,4,False
403,1,28,26,26513,0,4,20,83,0,2.6,1,2,0,3,4,True
404,0,30,14,36081,4,0,26,88,0,1.8,1,14,1,3,4,True
405,0,18,1,48002,5,2,12,16,4,3.8,6,20,3,3,4,False
406,0,20,32,29475,6,8,9,67,3,2.7,6,7,1,3,4,True
407,1,32,24,38311,6,1,25,54,4,4.1,1,20,1,2,4,False
408,0,33,3,56000,2,4,25,35,0,2.7,4,9,2,3,4,True
409,1,30,26,73123,4,6,26,69,0,1.5,1,19,3,2,4,False
410,0,47,29,53559,0,5,19,34,3,3.7,5,6,1,2,4,True
411,0,25,40,24036,8,2,6,64,3,4.0,6,9,2,1,4,False
412,0,45,19,69505,7,9,25,15,3,2.7,4,6,1,2,4,False
413,0,58,16,97054,8,5,8,54,3,3.7,3,1,1,2,4,False
414,0,57,40,26143,4,8,5,94,4,4.5,4,8,0,2,4,False
415,0,41,7,33250,2,2,23,77,1,4.7,3,18,1,3,4,True
416,0,47,30,129238,6,7,1,119,1,3.2,3,12,3,1,4,True
417,0,24,15,89272,7,0,6,119,1,1.8,6,7,3,1,4,False
418,1,28,21,94810,7,8,13,110,3,2.2,4,15,1,3,4,False
419,0,41,33,75867,5,3,30,53,4,2.6,5,14,3,1,4,False
420,0,21,18,79109,6,9,17,99,3,1.3,3,1,3,1,4,False
421,0,25,37,65909,7,4,29,92,4,1.7,1,15,1,1,4,False
422,1,43,29,34589,6,6,6,85,1,3.7,1,17,0,3,4,False
423,1,47,34,48178,0,2,12,28,0,4.1,5,2,1,1,4,True
424,0,38,31,101201,5,0,8,76,3,3.5,3,7,0,3,4,False
425,1,57,5,119200,6,7,21,104,3,4.5,4,1,3,3,4,True
426,1,22,34,40820,6,2,11,34,0,4.3,5,2,0,3,4,True
427,0,48,2,28309,2,6,18,25,4,3.5,5,14,2,3,4,False
428,1,24,44,109420,6,0,28,109,1,2.8,6,18,0,1,4,False
429,0,35,23,50101,8,7,1,13,1,4.0,5,14,0,3,4,False
430,0,29,35,146036,7,7,4,75,1,4.0,3,14,2,2,4,False
431,0,60,13,21847,9,7,10,51,3,2.3,3,16,0,1,4,True
432,0,28,36,112300,9,6,26,107,1,2.2,1,15,0,2,4,True
433,1,40,30,28828,8,4,4,111,0,2.1,1,4,1,1,4,True
434,1,27,22,139806,7,9,14,102,1,4.8,3,2,3,1,4,False
435,0,19,4,116634,5,2,29,22,0,3.5,4,19,0,2,4,False
436,0,47,4,127843,4,7,6,71,4,3.0,4,20,3,3,4,True
437,0,39,11,142834,7,3,17,75,4,1.0,6,4,0,3,4,False
438,1,52,9,146954,5,7,14,83,1,4.3,3,8,0,3,4,True
439,1,57,30,110668,7,4,22,82,3,1.1,5,18,1,3,4,False
440,0,50,32,102075,4,6,27,23,3,1.6,3,18,0,3,4,False
441,1,20,40,68059,9,9,10,86,3,4.1,4,5,3,3,4,False
442,1,39,27,107315,5,3,6,62,0,3.1,3,19,0,1,4,False
443,0,33,17,118888,7,0,13,70,1,1.9000000000000001,1,14,0,2,4,True
444,1,30,35,22067,9,5,18,30,0,1.8,5,8,2,2,4,False
445,1,29,18,78327,8,7,20,90,3,2.8,1,2,1,1,4,False
446,1,48,44,145148,4,3,14,104,1,2.0,1,14,3,2,4,False
447,0,43,2,41219,2,9,26,25,0,2.9,3,12,2,2,4,True
448,0,55,11,111715,5,7,23,79,4,3.5,6,18,1,1,4,False
449,0,53,20,62781,5,5,6,27,1,2.0,4,15,0,2,4,True
450,0,25,23,85847,4,4,4,63,4,3.6,5,6,2,1,4,True
451,0,52,47,57335,8,1,17,88,0,4.5,3,12,0,2,4,False
452,0,57,27,23643,8,5,8,64,0,4.7,5,18,1,1,4,False
453,0,44,24,100137,2,3,19,10,4,3.3,3,15,3,2,4,True
454,1,43,16,103248,8,1,12,44,4,4.9,5,4,3,2,4,False
455,1,45,18,117803,2,2,20,49,0,2.9,4,19,2,1,4,False
456,0,44,28,44020,0,9,20,21,1,3.5,1,20,3,1,4,False
457,1,31,47,142174,6,0,13,77,3,3.0,4,15,0,3,4,False
458,0,26,15,116808,0,5,19,36,3,1.9000000000000001,5,7,2,3,4,False
459,1,23,48,80824,9,2,6,75,3,1.3,1,2,1,3,4,False
460,0,21,18,44799,7,8,29,26,3,4.5,5,3,2,1,4,True
461,0,37,48,147461,2,2,19,95,1,4.9,3,1,3,3,4,False
462,1,27,1,20856,7,7,5,25,0,1.1,4,18,0,3,4,False
463,1,40,4,131117,6,2,30,75,0,2.0,3,16,0,3,4,False
464,1,27,32,89294,4,6,10,72,4,4.8,6,13,3,2,4,True
465,0,46,28,25705,0,1,21,48,0,4.7,6,19,3,2,4,False
466,0,59,36,120460,6,1,25,120,1,2.8,3,11,0,3,4,False
467,0,56,43,36532,2,7,25,47,3,2.6,5,16,0,3,4,False
468,1,37,35,74443,7,6,24,57,4,4.9,4,9,1,3,4,True
469,0,27,44,54365,2,1,24,86,4,4.1,5,2,2,2,4,False
470,0,50,31,148796,9,1,12,63,4,4.8,1,18,3,3,4,True
471,1,28,30,86978,7,3,27,59,3,2.1,5,16,3,1,4,True
472,0,40,47,49119,4,3,27,65,1,4.5,1,11,1,2,4,True
473,1,48,34,90307,6,0,28,97,0,3.7,6,4,0,3,4,False
474,0,49,37,146368,5,7,12,61,4,4.0,1,8,2,1,4,True
475,1,59,29,118080,6,7,13,43,0,2.3,1,15,3,3,4,True
476,1,39,35,91518,8,6,8,69,4,4.7,5,8,0,1,4,False
477,0,35,7,39164,8,0,16,48,4,3.5,5,2,1,2,4,True
478,1,46,31,108900,0,2,1,78,4,3.5,3,16,2,2,4,False
479,1,46,6,85200,7,6,15,29,3,3.4,3,8,0,1,4,True
480,1,51,11,62870,4,9,25,105,0,3.1,6,11,3,3,4,True
481,1,46,3,93448,7,8,1,71,1,2.1,5,16,1,3,4,False
482,0,59,11,85899,9,5,21,88,4,4.3,5,20,2,1,4,False
483,0,34,35,106985,4,8,1,18,4,4.4,4,4,1,3,4,True
484,1,59,45,55262,4,0,14,31,0,4.3,5,14,1,2,4,False
485,1,47,50,136740,4,7,26,68,0,3.2,3,4,1,3,4,True
486,0,58,37,94418,5,0,6,26,0,2.9,4,17,2,2,4,False
487,1,59,14,109743,4,3,6,80,4,3.3,5,7,3,2,4,True
488,0,41,49,82410,2,7,17,34,3,3.6,4,15,1,1,4,False
489,0,43,3,53930,9,3,10,87,3,1.8,3,8,3,1,4,False
490,0,20,5,90233,5,8,19,73,0,1.2,1,20,3,3,4,False
491,1,49,39,69966,4,4,23,22,1,3.2,4,17,0,2,4,True
492,0,43,4,129904,9,4,29,103,0,4.6,4,10,1,2,4,False
493,0,56,17,94046,9,5,21,79,0,2.3,4,7,2,1,4,True
494,0,60,36,102492,9,5,11,17,1,4.8,6,7,2,1,4,True
495,0,22,7,27281,8,2,6,51,3,4.2,4,14,1,3,4,True
496,1,31,13,64290,0,6,22,120,0,4.9,4,20,2,2,4,True
497,0,43,42,113387,8,1,25,10,3,3.4,4,3,2,2,4,True
498,0,46,16,47334,2,2,26,87,1,3.1,1,2,1,1,4,True
499,1,60,39,55174,4,4,19,11,3,1.5,4,13,1,2,4,False
500,1,32,14,80472,0,1,30,75,4,1.4,3,19,1,1,4,True
501,0,20,25,22020,9,8,4,15,0,2.5,5,14,1,2,4,True
502,0,30,24,125400,4,6,10,63,3,3.2,4,11,3,2,4,False
503,0,33,22,23655,7,3,20,92,1,1.5,6,15,3,1,4,True
504,0,54,38,59872,4,8,7,117,1,1.9000000000000001,6,11,2,2,4,True
505,1,32,6,143163,4,3,18,113,0,4.5,4,7,1,2,4,False
506,1,22,13,32461,4,0,3,67,4,2.4,1,12,2,1,4,False
507,1,26,45,102626,0,8,1,53,0,1.7,3,7,0,1,4,True
508,0,22,44,38527,2,0,24,41,0,4.4,6,5,1,2,4,False
509,1,20,42,123413,7,6,28,10,0,3.1,1,10,2,2,4,True
510,1,41,30,27947,6,7,12,66,4,2.0,3,4,1,3,4,True
511,0,43,27,103851,9,2,4,58,1,2.2,1,13,1,1,4,True
512,1,22,5,51210,8,9,8,110,4,1.7,6,3,1,2,4,True
513,1,32,31,22278,2,0,17,56,4,2.7,5,14,3,2,4,False
514,0,60,49,105172,8,4,28,13,1,3.9,5,15,0,1,4,False
515,0,39,37,48240,5,8,20,19,1,2.9,4,12,2,2,4,True
516,0,21,18,109344,5,7,5,53,3,5.0,3,13,3,1,4,True
517,1,34,30,115574,2,6,3,55,1,2.8,4,1,2,2,4,False
518,0,26,18,29115,6,9,25,57,0,2.2,4,17,1,2,4,True
519,0,60,43,64302,0,9,4,113,4,2.7,5,12,0,3,4,False
520,1,54,37,33228,2,2,26,81,1,3.1,1,17,3,2,4,True
521,0,30,41,43764,2,5,22,47,4,4.9,1,7,2,1,4,False
522,0,29,24,135456,5,3,19,41,0,3.0,4,0,0,3,4,True
523,1,31,10,63828,8,8,28,11,1,1.5,4,4,0,1,4,True
524,0,25,19,54049,8,9,1,30,4,1.7,5,11,0,2,4,False
525,1,42,36,133503,9,4,16,56,0,3.8,3,0,0,2,4,True
526,1,51,35,49816,6,1,16,61,1,2.7,6,15,2,2,4,True
527,1,55,50,119597,2,9,13,77,4,3.5,5,4,3,2,4,True
528,0,60,11,66356,5,8,3,99,0,2.6,1,0,2,3,4,False
529,0,40,13,63876,6,9,26,56,4,4.6,4,20,0,2,4,True
530,1,44,36,61768,4,0,26,35,4,4.5,4,18,1,3,4,True
531,1,45,30,27089,9,9,13,53,3,1.8,3,2,1,3,4,False
532,0,35,28,46219,4,4,29,76,0,2.1,3,5,2,1,4,True
533,0,50,4,40169,2,1,23,61,1,4.8,5,11,3,3,4,True
534,0,34,11,51365,8,7,3,117,4,1.3,3,11,0,2,4,False
535,0,55,10,126528,0,0,28,103,0,1.1,3,3,1,2,4,False
536,1,52,2,65254,5,8,9,108,0,4.6,6,12,3,2,4,True
537,0,21,46,116759,9,3,8,30,3,4.3,3,10,3,1,4,True
538,1,45,18,33605,0,1,26,80,3,1.6,6,9,3,3,4,True
539,0,27,48,139222,7,9,14,35,4,3.3,1,11,2,3,4,True
540,1,35,29,113252,2,7,27,33,1,1.3,4,3,0,1,4,False
541,1,43,9,137831,5,6,11,52,4,2.7,6,6,1,1,4,True
542,1,57,45,133307,7,4,28,40,0,1.6,5,12,2,2,4,False
543,1,41,39,134926,2,7,11,41,0,3.5,3,7,3,3,4,True
544,0,22,22,121064,0,5,27,112,0,2.3,4,0,1,3,4,False
545,1,25,37,110236,0,6,21,30,1,3.3,1,3,0,2,4,False
546,0,56,19,122865,5,2,20,116,1,4.6,6,10,1,3,4,False
547,0,45,24,29741,6,9,16,23,1,3.7,1,6,1,2,4,True
548,1,29,46,24863,5,4,13,13,3,1.4,5,8,0,1,4,False
549,1,60,41,113392,9,5,6,98,1,2.8,1,15,2,2,4,True
550,1,42,17,64949,7,3,27,22,3,3.9,1,20,2,2,4,False
551,0,57,50,112535,5,0,12,74,4,3.4,6,14,3,3,4,False
552,0,59,44,64822,4,0,14,95,4,3.6,5,18,2,3,4,False
553,0,52,26,71929,0,4,18,64,3,4.6,6,9,1,1,4,False
554,1,51,16,46336,8,8,27,66,3,4.6,4,16,3,2,4,True
555,0,46,40,143987,6,5,26,82,3,2.1,4,11,1,2,4,True
556,0,44,12,96161,0,5,18,84,3,4.4,5,17,3,3,4,False
557,1,27,34,20003,8,6,20,93,0,1.2,5,7,1,2,4,False
558,1,49,18,88545,6,3,21,39,4,2.9,6,6,0,1,4,True
559,0,60,6,95213,2,8,7,65,4,1.6,5,17,3,1,4,False
560,1,60,13,95808,0,5,27,44,1,1.2,1,9,2,2,4,False
561,0,19,15,78339,6,7,5,112,1,3.4,6,15,0,2,4,False
562,1,24,30,32569,5,4,18,49,0,4.6,3,4,0,1,4,False
563,1,21,22,116577,6,2,26,53,3,2.7,3,9,2,2,4,True
564,1,24,40,133604,7,1,2,65,3,1.1,3,15,3,2,4,False
565,1,27,27,53322,9,7,23,45,4,1.9000000000000001,6,12,2,2,4,False
566,1,24,27,36450,0,2,26,66,1,1.3,4,5,1,3,4,True
567,0,36,3,22770,2,8,27,85,3,1.9000000000000001,3,14,1,2,4,False
568,0,53,48,63859,8,9,23,32,0,4.2,1,18,3,3,4,False
569,0,27,36,47256,6,0,15,65,4,3.7,3,2,3,2,4,True
570,0,40,16,57289,8,6,17,11,0,3.6,1,16,2,3,4,True
571,0,18,49,67917,6,1,16,58,1,1.3,5,1,1,2,4,True
572,1,46,37,45484,9,2,17,89,4,4.4,1,5,2,1,4,True
573,1,48,16,72917,4,9,21,74,3,3.8,4,6,1,3,4,True
574,1,40,12,63317,9,2,17,63,3,4.9,1,18,1,3,4,False
575,0,42,11,110183,7,1,26,24,3,1.4,1,4,3,1,4,True
576,0,55,18,56074,9,6,24,85,3,4.5,3,16,1,3,4,False
577,0,38,28,117472,0,8,24,83,4,3.1,6,13,1,2,4,False
578,0,52,33,82208,9,0,10,87,4,1.3,4,6,3,3,4,True
579,1,20,40,55381,0,3,21,59,0,2.8,6,4,1,1,4,False
580,1,25,33,80804,7,1,7,67,0,2.5,6,4,0,2,4,True
581,1,37,15,97158,4,5,16,113,0,4.1,5,12,0,2,4,True
582,0,28,44,52526,5,4,11,64,1,4.4,4,9,3,2,4,True
583,1,55,28,21702,6,0,10,28,3,3.5,1,8,3,3,4,False
584,0,57,15,64260,7,4,20,27,1,3.3,5,0,1,1,4,False
585,1,54,15,25027,2,4,18,104,4,1.4,3,0,2,3,4,False
586,0,35,24,64910,4,5,3,94,4,3.4,6,15,3,1,4,False
587,0,60,47,79861,0,4,13,50,1,2.6,3,4,3,1,4,False
588,0,24,41,21852,6,6,21,75,4,2.8,1,19,2,1,4,True
589,0,22,47,76953,0,2,2,18,3,2.4,6,2,1,3,4,False
590,0,23,24,101179,0,0,7,107,3,3.0,1,12,3,3,4,True
591,0,28,25,87062,9,4,7,79,1,3.5,1,12,0,1,4,False
592,1,23,36,105318,9,0,30,57,3,3.7,1,2,1,3,4,True
593,0,38,24,42201,8,9,10,68,3,3.7,3,16,2,1,4,True
594,1,25,8,116304,8,6,22,107,0,2.6,5,2,2,1,4,False
595,1,48,22,135420,7,1,18,22,3,3.9,4,0,1,3,4,True
596,1,28,28,128998,0,2,27,93,1,4.5,1,18,3,1,4,False
597,0,50,12,144473,6,1,29,29,3,2.2,4,20,2,3,4,True
598,1,42,34,83593,4,3,29,14,0,4.3,6,20,3,2,4,False
599,0,19,24,104403,9,7,22,89,0,3.6,6,20,2,3,4,False
600,1,23,33,101085,6,3,25,62,0,2.8,5,14,3,2,4,False
601,0,19,44,90460,2,0,19,96,1,1.6,1,17,1,2,4,False
602,1,46,23,61822,2,0,24,29,3,3.5,3,5,0,1,4,False
603,0,31,13,39152,7,1,26,30,0,1.3,1,6,1,3,4,True
604,0,40,15,40826,5,0,28,16,1,3.7,6,6,0,3,4,True
605,1,32,32,28862,7,7,24,73,3,5.0,4,8,2,1,4,True
606,0,24,43,34980,2,2,1,57,1,3.2,3,10,0,3,4,True
607,1,18,4,42222,2,0,1,16,0,2.9,4,18,2,1,4,True
608,0,37,38,55179,8,7,19,69,1,2.6,3,17,1,3,4,False
609,1,23,34,27160,5,0,11,112,1,3.0,6,8,2,1,4,True
610,1,52,28,99073,7,1,6,72,3,3.7,3,7,1,1,4,False
611,1,57,48,126251,9,1,30,38,0,2.8,3,8,0,3,4,False
612,0,36,50,128079,4,1,6,55,0,3.4,6,5,0,2,4,True
613,1,51,49,63118,5,5,30,113,3,2.3,4,5,1,3,4,False
614,1,18,40,149082,2,6,18,46,0,4.4,5,2,0,3,4,False
615,1,18,15,49306,8,9,13,60,1,1.2,3,7,0,1,4,False
616,0,27,25,39902,8,6,18,23,4,1.9000000000000001,3,12,1,3,4,False
617,1,34,14,142736,4,3,29,64,4,2.7,5,3,0,1,4,False
618,0,51,9,145863,2,0,20,14,4,1.0,6,1,2,3,4,False
619,1,35,49,98517,0,5,8,77,0,2.8,3,5,3,2,4,False
620,0,55,20,135786,5,9,20,34,3,4.4,3,0,2,1,4,True
621,0,49,14,112573,7,4,24,93,1,4.3,1,19,3,1,4,False
622,1,27,32,135608,0,7,14,39,0,4.6,4,19,2,2,4,True
623,1,27,14,106935,8,0,26,84,4,1.8,6,17,3,3,4,False
624,1,44,47,45815,7,8,18,79,1,2.7,6,8,1,3,4,True
625,1,40,33,95674,7,1,23,10,1,1.4,1,8,3,1,4,True
626,1,48,49,64044,6,7,9,97,0,2.1,1,16,3,1,4,True
627,1,40,3,38540,0,8,24,70,1,1.2,6,16,2,2,4,False
628,1,59,37,30549,9,0,1,98,4,1.1,1,11,2,1,4,True
629,0,20,28,79416,5,5,12,45,0,3.3,3,9,3,1,4,False
630,1,30,48,95349,8,4,3,62,0,1.2,5,10,0,1,4,False
631,1,22,12,33234,6,8,20,55,4,4.0,5,19,1,1,4,True
632,0,49,39,58781,8,7,28,69,3,1.8,3,3,1,1,4,False
633,1,60,6,49534,8,1,25,75,1,3.8,1,1,1,1,4,True
634,1,23,2,82305,0,2,11,32,1,1.9000000000000001,4,6,0,2,4,False
635,1,20,30,72852,5,4,9,14,4,1.1,5,17,1,3,4,True
636,1,52,15,48278,8,9,12,31,4,4.6,4,5,3,2,4,False
637,0,26,42,113476,4,2,26,78,3,1.3,3,18,3,2,4,True
638,0,18,2,95183,5,4,29,118,0,1.2,6,7,1,1,4,True
639,1,28,26,105381,0,3,19,112,1,1.2,3,2,1,3,4,False
640,1,36,9,133459,0,2,28,108,1,4.3,3,4,2,1,4,True
641,0,32,5,28284,5,8,3,95,1,1.7,5,1,3,3,4,False
642,1,24,13,47113,5,9,7,14,4,4.3,5,8,3,1,4,True
643,0,29,50,122398,8,9,12,120,3,3.1,6,10,0,3,4,True
644,0,58,1,83440,0,7,12,105,0,4.5,3,6,1,3,4,True
645,1,23,29,93828,7,0,19,50,1,1.8,5,14,2,3,4,False
646,0,39,3,108750,0,6,20,111,1,4.8,5,19,3,2,4,False
647,1,40,43,47002,7,9,15,21,4,3.2,1,3,0,1,4,False
648,1,49,21,105430,8,2,29,31,4,4.7,4,15,1,3,4,False
649,0,51,37,62021,2,6,4,59,0,3.6,5,20,1,2,4,False
650,1,56,20,134966,9,4,7,100,4,1.8,4,0,3,1,4,False
651,0,51,50,33478,5,3,25,74,4,4.9,1,13,0,1,4,False
652,0,19,27,25246,9,1,6,56,0,3.6,3,1,0,3,4,False
653,0,34,2,145413,7,3,28,59,3,4.0,3,11,3,3,4,False
654,0,45,8,60165,4,2,18,54,1,2.3,1,18,2,2,4,False
655,1,48,43,117518,9,4,13,110,0,4.6,6,0,0,3,4,False
656,0,35,4,117634,8,0,1,25,0,3.7,6,3,3,1,4,False
657,1,26,37,105594,4,1,25,29,1,4.8,5,20,1,2,4,False
658,1,21,48,76143,7,5,26,65,3,2.8,3,2,1,1,4,True
659,1,24,35,20650,9,2,10,103,3,3.0,5,5,1,3,4,True
660,0,54,7,21246,8,6,14,76,3,3.2,4,18,2,2,4,False
661,0,56,6,97928,8,5,21,16,0,2.1,1,5,3,2,4,True
662,0,28,32,135037,7,3,4,47,1,1.3,5,5,0,3,4,False
663,0,36,7,139042,9,6,19,18,0,1.5,4,2,1,2,4,True
664,1,50,9,46762,8,3,19,104,1,1.1,1,7,2,2,4,True
665,0,26,41,125075,9,1,1,105,0,1.2,6,8,0,3,4,False
666,0,22,18,138238,0,7,12,96,3,4.4,5,2,1,2,4,True
667,0,27,48,121845,6,8,26,77,0,3.8,4,16,2,3,4,True
668,1,19,46,147077,7,9,1,32,0,2.0,5,16,3,1,4,True
669,1,60,22,20421,8,0,18,84,0,4.2,3,7,2,3,4,True
670,0,38,16,51557,7,4,27,30,4,4.4,6,20,0,1,4,True
671,1,20,30,140669,7,5,7,86,4,1.9000000000000001,3,4,2,3,4,False
672,1,46,41,37096,7,0,12,56,1,2.6,5,5,3,2,4,False
673,0,47,19,128570,6,0,18,86,3,3.8,6,9,0,1,4,False
674,0,38,18,67295,6,2,13,117,1,2.8,5,11,1,1,4,True
675,1,42,29,90575,6,9,1,53,0,4.7,4,12,3,2,4,False
676,0,59,33,109711,7,4,3,81,4,3.4,6,15,0,3,4,True
677,0,18,13,53247,2,6,27,92,0,3.9,6,17,2,1,4,False
678,0,25,2,53564,8,0,11,60,3,1.5,1,12,0,1,4,True
679,0,34,12,23228,0,9,10,90,3,4.2,3,6,3,3,4,False
680,0,44,6,70617,7,1,1,55,3,2.0,6,17,3,1,4,True
681,1,20,25,83658,5,1,9,63,4,1.8,4,16,3,1,4,False
682,1,24,27,55081,8,6,18,58,3,5.0,5,1,0,2,4,True
683,0,55,49,135351,5,2,18,68,0,4.0,3,13,1,3,4,False
684,1,27,35,102406,2,4,17,94,3,1.1,1,7,0,2,4,True
685,1,35,39,80847,4,9,19,26,1,3.7,3,0,0,2,4,False
686,1,27,7,128251,8,1,18,65,0,4.6,3,14,3,2,4,True
687,1,38,11,130799,5,3,3,24,4,1.9000000000000001,3,18,2,3,4,False
688,1,45,46,30368,4,8,20,35,4,3.7,3,5,2,2,4,False
689,1,50,20,22668,8,3,6,103,1,3.6,1,8,3,3,4,False
690,0,45,32,67400,8,9,21,88,3,4.0,5,16,2,1,4,False
691,0,50,6,118665,5,0,15,83,3,4.5,5,8,2,1,4,True
692,0,58,10,72613,4,4,25,105,4,3.4,3,10,1,3,4,False
693,1,39,39,76852,9,4,12,103,4,4.8,4,6,0,1,4,True
694,1,46,37,122502,5,4,2,81,0,2.0,6,7,0,1,4,True
695,0,22,42,131524,8,4,9,51,0,3.6,1,5,3,1,4,False
696,0,40,49,26162,5,3,20,35,1,3.8,1,20,0,1,4,False
697,0,35,4,120636,7,9,9,113,3,1.2,3,15,1,3,4,True
698,1,29,40,60867,6,6,20,74,4,4.6,1,20,0,1,4,True
699,1,43,44,104574,8,6,19,110,1,3.4,5,13,1,3,4,False
700,1,57,13,22417,0,2,5,62,4,1.9000000000000001,4,1,1,2,4,True
701,0,55,13,73577,5,6,11,101,4,4.3,4,10,3,1,4,True
702,0,34,20,59012,8,8,13,45,3,3.6,1,13,2,1,4,True
703,1,48,8,130076,0,6,4,41,4,2.0,6,4,0,1,4,False
704,0,24,20,140216,6,3,28,76,3,1.6,4,13,0,3,4,True
705,0,53,3,114564,9,7,28,89,1,5.0,3,7,1,1,4,False
706,1,34,5,41265,9,5,29,10,0,4.6,6,20,3,3,4,False
707,0,30,47,108766,6,0,1,15,1,2.5,6,17,2,2,4,True
708,1,59,33,39920,9,1,26,17,1,2.7,1,11,0,2,4,False
709,0,28,17,123730,0,0,4,64,4,1.1,1,0,1,1,4,False
710,1,42,42,133873,2,6,9,74,3,1.6,3,16,3,3,4,True
711,0,19,18,115758,6,9,20,40,3,1.4,6,11,3,2,4,False
712,0,18,20,147496,4,8,28,11,1,1.1,6,4,0,1,4,False
713,0,21,31,43596,2,7,2,44,3,4.7,1,15,0,1,4,False
714,1,40,16,52646,7,4,28,116,1,2.3,4,16,3,2,4,False
715,1,22,28,135694,2,2,23,78,0,4.8,3,4,2,1,4,False
716,1,22,10,48771,4,5,24,79,3,2.6,3,18,1,3,4,True
717,1,33,41,115657,5,6,29,119,0,4.2,1,7,3,1,4,True
718,1,54,27,61700,6,1,18,81,1,2.7,6,17,1,1,4,False
719,1,40,25,98682,0,8,14,112,3,3.2,4,4,1,1,4,False
720,1,20,16,117048,6,2,19,119,0,1.8,5,16,3,3,4,False
721,0,45,29,55956,2,4,13,86,0,1.5,3,0,1,3,4,False
722,0,34,45,143765,8,3,30,45,3,3.3,5,2,1,2,4,False
723,1,44,48,40792,8,2,15,119,0,2.1,6,13,3,3,4,True
724,1,31,1,21116,7,5,2,67,0,3.9,3,4,0,1,4,True
725,0,33,42,65503,5,6,1,103,1,2.5,1,7,3,3,4,False
726,0,38,28,139423,8,7,21,11,0,2.4,5,15,2,1,4,False
727,1,32,4,39372,5,1,7,66,1,2.0,4,2,3,1,4,True
728,0,46,48,33840,6,5,18,58,3,4.7,3,8,1,2,4,True
729,0,58,42,46892,8,3,11,115,1,4.9,4,10,3,2,4,False
730,1,25,14,143904,9,6,14,111,4,4.2,5,4,2,1,4,False
731,0,34,22,34575,8,3,11,60,0,4.5,6,12,1,1,4,True
732,1,29,16,116544,2,7,10,79,4,4.2,4,19,3,3,4,False
733,1,40,15,64781,4,9,22,109,3,3.3,3,20,0,2,4,True
734,0,50,2,136561,6,3,8,74,3,2.3,3,4,1,1,4,False
735,0,60,40,125385,2,9,24,59,0,3.8,4,2,2,1,4,True
736,0,20,30,137948,9,2,6,120,4,2.8,4,6,2,3,4,True
737,1,46,15,47759,6,2,12,88,1,2.3,4,19,0,3,4,False
738,1,57,44,131095,7,1,7,119,1,5.0,5,1,0,2,4,False
739,0,26,30,147692,8,1,8,107,3,2.2,3,12,2,2,4,False
740,1,59,11,90953,7,2,6,89,0,2.1,5,11,3,3,4,False
741,0,52,10,135624,5,3,8,117,0,3.7,1,14,0,3,4,True
742,0,25,38,99026,9,3,3,78,4,4.3,1,0,1,3,4,False
743,1,28,31,100175,9,7,1,20,0,2.6,6,16,2,3,4,False
744,1,46,17,112834,6,3,19,62,3,3.5,5,1,3,1,4,False
745,0,58,40,53013,9,1,4,70,4,1.2,5,2,1,3,4,False
746,1,57,35,124572,0,6,25,65,1,4.2,6,17,1,1,4,False
747,1,21,34,97033,2,8,2,111,4,4.9,3,15,3,1,4,False
748,0,34,45,78690,0,0,5,10,0,4.5,4,20,1,2,4,False
749,0,51,12,115318,7,1,26,55,0,1.7,6,2,3,2,4,True
750,0,47,14,64042,6,2,7,69,4,5.0,1,18,3,1,4,True
751,1,34,50,143291,9,3,12,58,0,4.8,3,5,3,1,4,False
752,0,26,2,34755,4,4,9,61,4,3.7,1,5,1,1,4,True
753,1,55,7,127220,7,9,13,89,3,4.2,3,13,1,3,4,False
754,1,47,16,63205,7,5,17,28,0,4.2,1,5,0,2,4,False
755,0,43,39,23229,7,0,15,53,4,1.2,3,5,0,1,4,True
756,1,59,29,132911,9,0,21,46,0,1.3,1,20,0,3,4,True
757,1,55,27,130379,4,9,14,103,0,2.4,3,2,0,2,4,False
758,0,57,35,147747,2,2,23,28,3,4.0,6,14,2,2,4,True
759,1,60,12,33365,6,7,28,120,4,1.4,1,17,2,2,4,True
760,0,38,13,131478,9,2,6,40,0,2.6,1,18,3,3,4,True
761,0,22,13,121826,0,2,11,55,4,4.5,1,15,0,3,4,False
762,1,48,3,119294,5,1,19,85,3,2.1,4,3,0,1,4,True
763,1,39,10,140023,6,2,22,112,3,1.5,5,18,3,3,4,True
764,0,34,38,53535,4,9,18,29,4,2.2,6,10,0,2,4,False
765,1,56,35,89887,5,2,19,103,3,4.4,6,13,0,2,4,False
766,1,35,36,107787,2,1,12,18,0,4.7,3,1,2,3,4,True
767,1,53,34,74590,7,2,23,48,4,3.0,3,15,2,3,4,True
768,1,22,43,123256,0,6,17,56,0,2.2,3,20,1,3,4,True
769,0,49,5,94701,5,6,13,63,3,1.5,3,19,3,2,4,False
770,1,36,46,109089,8,7,7,107,3,3.7,6,14,0,3,4,False
771,1,33,20,117540,8,9,18,74,0,1.4,4,10,2,2,4,True
772,0,48,29,58061,7,9,29,53,3,4.2,1,1,0,1,4,True
773,1,25,45,131376,0,2,6,21,4,3.6,6,15,0,3,4,False
774,0,50,45,120054,2,1,26,54,1,1.7,6,12,2,1,4,True
775,0,42,31,61639,2,9,9,115,0,3.4,4,7,3,1,4,False
776,0,22,15,65261,5,3,7,102,3,3.7,6,12,1,2,4,True
777,0,46,26,47737,8,9,3,79,0,2.4,5,19,2,1,4,False
778,1,42,14,127375,0,4,13,76,3,2.0,1,15,0,3,4,False
779,0,18,25,89691,7,4,4,20,1,3.4,3,0,2,2,4,True
780,1,42,22,38312,9,1,25,73,4,3.7,6,4,1,2,4,True
781,0,49,7,45357,2,1,28,58,0,4.1,4,1,2,1,4,False
782,0,45,32,109264,8,0,15,112,4,2.2,1,13,0,2,4,True
783,0,25,26,51377,6,2,29,18,3,2.1,6,12,2,1,4,True
784,0,40,8,62709,5,4,26,50,3,2.2,3,3,2,2,4,False
785,0,41,12,143935,0,8,2,18,4,3.5,1,1,1,3,4,True
786,1,23,43,124550,9,1,2,42,0,1.4,6,5,1,2,4,True
787,0,58,33,66525,4,9,6,74,0,2.9,3,18,1,3,4,False
788,1,29,25,125084,5,7,27,17,3,2.1,4,20,1,2,4,True
789,0,47,3,100500,6,3,19,47,4,1.7,6,9,3,3,4,True
790,0,58,36,55021,0,9,5,96,4,2.7,4,17,2,2,4,True
791,0,52,2,23969,7,8,13,37,1,1.6,3,0,3,3,4,True
792,1,59,17,25277,8,9,10,73,3,3.0,5,9,0,3,4,False
793,1,50,34,144249,0,9,20,74,3,3.3,5,13,2,3,4,False
794,1,42,41,65817,7,1,30,18,3,4.0,1,17,1,3,4,True
795,0,26,6,138491,2,3,27,83,4,1.3,4,15,2,2,4,False
796,0,52,47,128375,4,8,6,71,4,4.6,4,18,1,1,4,True
797,1,47,15,95922,8,2,27,24,1,1.4,3,19,1,3,4,True
798,1,33,3,27818,0,8,2,53,3,4.4,4,3,2,3,4,False
799,0,35,48,47641,8,0,10,55,1,4.9,4,3,2,1,4,True
800,0,21,48,92031,5,7,21,63,1,2.0,1,13,0,3,4,True
801,1,54,4,52634,6,9,15,39,0,3.3,3,6,3,1,4,True
802,1,32,8,140653,2,0,20,92,0,3.5,6,2,1,3,4,True
803,0,30,37,103225,8,5,16,93,4,2.1,1,12,3,1,4,False
804,0,56,13,38042,8,0,23,43,1,4.4,4,16,0,2,4,False
805,0,37,8,21938,2,6,24,90,4,1.4,1,20,1,2,4,True
806,0,21,16,66826,0,1,1,119,1,3.6,6,20,0,3,4,True
807,0,33,10,48285,7,5,7,76,3,2.2,3,1,3,3,4,False
808,0,26,22,23947,5,4,21,53,4,4.9,5,11,3,1,4,True
809,1,41,1,109349,4,3,14,74,4,3.8,5,2,2,3,4,False
810,1,19,37,32144,0,6,14,103,3,2.8,1,7,3,1,4,False
811,1,29,6,87817,8,9,12,13,4,2.7,3,15,0,3,4,False
812,0,53,14,120149,7,7,21,27,0,4.4,5,14,0,3,4,True
813,0,51,19,91474,5,7,25,38,1,3.0,1,0,1,3,4,True
814,1,45,10,99012,9,4,24,91,1,2.4,1,1,1,3,4,True
815,0,48,4,67307,5,6,26,47,3,2.0,5,13,2,1,4,False
816,1,30,33,82417,6,9,25,68,1,3.0,3,2,1,1,4,False
817,0,51,48,67254,8,9,12,89,3,3.8,1,4,3,3,4,True
818,0,30,39,106172,4,5,20,111,4,3.3,5,17,2,1,4,False
819,1,30,13,98131,7,1,21,110,3,2.2,3,5,2,1,4,False
820,0,43,37,82073,4,9,26,98,3,2.1,4,16,3,2,4,True
821,1,59,26,101769,7,2,20,41,0,4.1,6,18,1,2,4,False
822,1,57,33,46075,7,0,16,91,0,2.1,5,4,1,1,4,False
823,1,42,12,110595,2,1,12,108,0,5.0,3,10,1,3,4,True
824,1,22,46,33060,8,6,12,44,3,2.3,3,19,1,1,4,True
825,1,51,4,100919,8,1,4,70,1,2.3,4,6,1,1,4,False
826,0,34,34,70457,6,6,12,69,3,3.3,3,8,1,1,4,False
827,0,18,47,60337,9,5,4,30,4,4.8,6,18,0,3,4,True
828,0,26,11,77903,9,5,19,29,3,3.2,5,9,2,1,4,True
829,0,34,17,27257,0,7,3,118,4,4.2,1,17,3,2,4,True
830,1,57,45,21868,2,8,29,113,1,2.8,6,2,2,3,4,False
831,1,38,28,49573,2,4,21,61,0,4.1,5,4,1,1,4,True
832,1,36,16,52282,9,8,12,32,3,2.4,5,20,3,1,4,False
833,0,27,10,48744,9,5,25,93,4,3.2,5,8,1,2,4,True
834,1,29,42,46451,0,5,17,96,0,2.0,3,0,3,1,4,True
835,1,27,11,47792,7,2,8,86,1,4.2,1,2,3,2,4,True
836,1,41,17,105219,6,7,26,10,1,2.0,6,18,1,2,4,False
837,1,41,9,77969,6,3,3,18,1,2.7,6,0,1,1,4,True
838,0,46,22,122414,8,8,2,57,0,2.0,4,19,2,1,4,True
839,0,59,38,137290,0,2,5,72,4,3.7,5,16,1,1,4,False
840,1,28,48,29588,2,9,28,25,1,4.8,5,5,0,1,4,True
841,0,47,16,78151,2,7,16,100,0,2.6,4,8,0,3,4,False
842,0,59,40,116507,9,3,21,44,3,1.7,4,17,2,2,4,True
843,0,27,36,137114,2,4,14,88,0,4.0,3,20,1,1,4,False
844,0,20,13,51880,2,0,24,19,4,3.3,4,18,3,2,4,False
845,1,42,4,66073,2,1,30,81,1,1.4,1,6,3,1,4,True
846,1,43,26,140004,5,5,15,75,1,1.1,4,14,0,2,4,False
847,0,38,8,84469,0,9,3,61,4,3.9,6,9,0,3,4,False
848,1,23,8,58289,5,0,17,46,0,1.2,4,5,1,2,4,True
849,1,48,39,114829,6,6,24,69,0,4.7,5,5,2,3,4,True
850,0,47,19,91689,4,6,8,21,3,4.8,1,20,2,3,4,False
851,0,40,31,135483,6,9,13,45,0,4.3,1,6,3,2,4,True
852,1,43,45,85911,8,6,10,75,4,2.2,6,7,2,3,4,False
853,1,44,42,147077,7,4,12,91,4,2.2,5,16,0,1,4,False
854,0,43,21,68014,8,4,14,116,4,1.5,1,4,2,1,4,True
855,0,24,30,33290,6,5,24,51,1,3.8,6,20,2,1,4,False
856,0,22,50,94674,9,8,26,34,1,4.1,4,13,3,2,4,True
857,1,48,24,46196,4,8,15,55,1,4.9,5,2,0,1,4,False
858,0,41,4,57742,8,5,8,30,3,3.3,4,20,2,3,4,False
859,0,54,10,95497,2,8,21,18,0,1.9000000000000001,5,11,0,3,4,False
860,1,33,7,54567,0,8,20,92,0,4.1,6,1,0,3,4,False
861,1,43,39,54179,6,9,2,25,0,2.5,3,7,0,2,4,False
862,1,53,18,22698,8,5,17,25,4,1.8,1,9,0,1,4,True
863,0,43,49,149098,9,9,20,114,0,1.5,1,4,1,2,4,False
864,0,58,19,85175,2,2,26,12,1,1.9000000000000001,4,2,2,2,4,True
865,1,32,5,47103,0,5,4,53,4,4.4,1,0,0,1,4,True
866,0,47,7,85519,7,1,16,114,4,3.0,5,4,0,2,4,True
867,1,54,24,84095,0,2,1,67,3,1.0,3,18,0,3,4,False
868,1,25,8,132125,5,1,14,45,4,2.5,1,11,3,3,4,True
869,1,21,16,82888,5,5,14,38,3,2.2,6,9,2,1,4,False
870,0,44,32,82806,6,2,27,67,1,2.2,6,11,1,3,4,False
871,1,30,47,55276,8,1,23,76,0,4.8,5,11,3,1,4,True
872,1,33,43,104509,2,2,3,39,3,2.0,6,13,2,1,4,False
873,1,33,9,97103,7,8,27,63,0,1.3,5,9,1,1,4,False
874,0,39,40,106322,7,6,19,58,0,2.3,5,8,1,1,4,True
875,0,31,36,22022,9,9,10,37,1,5.0,1,9,1,2,4,True
876,1,36,35,127078,5,1,29,55,1,1.8,6,0,0,3,4,False
877,0,57,35,74807,8,6,27,106,4,1.6,5,0,3,3,4,True
878,0,34,12,62585,2,6,25,33,3,2.8,4,18,0,2,4,False
879,1,52,9,106731,4,2,13,11,4,2.6,6,16,0,1,4,False
880,1,44,14,109367,5,4,18,13,1,3.9,4,17,2,2,4,False
881,1,29,37,122334,6,3,1,69,4,4.1,1,12,1,1,4,True
882,1,24,47,101267,0,5,18,48,3,2.1,4,18,3,3,4,False
883,0,55,43,115560,0,5,29,95,0,4.3,4,14,0,1,4,False
884,1,32,17,85815,0,1,25,17,1,1.3,4,2,0,1,4,False
885,0,29,21,95116,6,7,19,63,1,4.4,4,17,2,2,4,False
886,1,60,18,49537,7,7,7,85,0,4.9,5,14,3,3,4,False
887,1,27,19,94000,0,9,13,105,4,3.2,6,18,0,2,4,True
888,1,55,21,36328,2,6,29,11,1,4.6,5,18,2,3,4,True
889,0,32,32,35516,2,8,14,75,3,4.8,1,9,0,3,4,False
890,0,59,28,91622,7,2,19,56,3,1.5,6,13,0,2,4,True
891,0,49,20,99807,6,3,10,99,0,1.3,1,19,1,1,4,True
892,0,53,29,48598,5,4,19,77,1,1.5,1,13,3,3,4,True
893,0,23,5,40716,2,1,17,66,0,2.4,3,3,3,1,4,False
894,0,50,48,112827,4,9,18,91,4,3.2,3,1,3,3,4,False
895,1,33,10,108390,4,8,21,79,4,2.7,5,7,1,3,4,False
896,0,57,44,133688,7,1,1,55,4,2.8,3,20,0,3,4,True
897,0,25,3,91890,0,7,21,15,0,1.2,3,10,1,2,4,False
898,0,52,31,37088,9,1,16,66,1,2.0,6,16,2,3,4,False
899,0,40,19,37388,0,4,24,16,3,1.4,4,20,3,2,4,False
900,0,19,15,99999,1,3,20,25,0,6.0,8,2,3,3,3,True
901,0,60,40,500000,4,9,15,45,1,5.0,7,9,3,4,2,True
902,1,99,12,60000,5,3,10,20,5,4.0,2,11,2,3,0,True
903,0,21,-20,45000,7,2,6,33,0,-1.0,8,12,3,0,3,False
904,1,200,18,99999,5,3,5,29,2,4.0,4,2,2,1,3,False
905,1,70,11,50000,3,3,17,31,5,3.0,0,1,2,0,3,False
906,0,27,16,500000,9,6,24,39,0,4.0,4,15,3,4,2,True
